run_id,scenario,query,tier,run,elapsed_ms
r2-run2,S0,Q1,heavy,1,130.241
r2-run2,S0,Q1,heavy,2,132.953
r2-run2,S0,Q1,heavy,3,131.054
r2-run2,S0,Q1,heavy,4,138.231
r2-run2,S0,Q1,heavy,5,138.026
r2-run2,S0,Q1,heavy,6,134.630
r2-run2,S0,Q1,heavy,7,134.466
r2-run2,S0,Q1,heavy,8,132.073
r2-run2,S0,Q1,heavy,9,130.890
r2-run2,S0,Q1,heavy,10,131.247
r2-run2,S0,Q1,heavy,11,132.484
r2-run2,S0,Q1,heavy,12,134.205
r2-run2,S0,Q1,heavy,13,131.026
r2-run2,S0,Q1,heavy,14,133.425
r2-run2,S0,Q1,heavy,15,130.988
r2-run2,S0,Q1,heavy,16,130.505
r2-run2,S0,Q1,heavy,17,131.449
r2-run2,S0,Q1,heavy,18,127.716
r2-run2,S0,Q1,heavy,19,135.040
r2-run2,S0,Q1,heavy,20,131.977
r2-run2,S0,Q1,heavy,21,128.729
r2-run2,S0,Q1,heavy,22,129.362
r2-run2,S0,Q1,heavy,23,139.353
r2-run2,S0,Q1,heavy,24,132.763
r2-run2,S0,Q1,heavy,25,132.788
r2-run2,S0,Q1,heavy,26,134.968
r2-run2,S0,Q1,heavy,27,133.259
r2-run2,S0,Q1,heavy,28,134.232
r2-run2,S0,Q1,heavy,29,132.398
r2-run2,S0,Q1,heavy,30,127.532
r2-run2,S0,Q2,heavy,1,21.653
r2-run2,S0,Q2,heavy,2,21.588
r2-run2,S0,Q2,heavy,3,21.218
r2-run2,S0,Q2,heavy,4,21.743
r2-run2,S0,Q2,heavy,5,21.070
r2-run2,S0,Q2,heavy,6,20.609
r2-run2,S0,Q2,heavy,7,20.661
r2-run2,S0,Q2,heavy,8,20.772
r2-run2,S0,Q2,heavy,9,20.978
r2-run2,S0,Q2,heavy,10,20.848
r2-run2,S0,Q2,heavy,11,21.953
r2-run2,S0,Q2,heavy,12,21.292
r2-run2,S0,Q2,heavy,13,22.886
r2-run2,S0,Q2,heavy,14,20.589
r2-run2,S0,Q2,heavy,15,20.681
r2-run2,S0,Q2,heavy,16,20.840
r2-run2,S0,Q2,heavy,17,19.919
r2-run2,S0,Q2,heavy,18,19.873
r2-run2,S0,Q2,heavy,19,20.065
r2-run2,S0,Q2,heavy,20,19.428
r2-run2,S0,Q2,heavy,21,19.073
r2-run2,S0,Q2,heavy,22,19.309
r2-run2,S0,Q2,heavy,23,19.073
r2-run2,S0,Q2,heavy,24,20.820
r2-run2,S0,Q2,heavy,25,19.953
r2-run2,S0,Q2,heavy,26,21.111
r2-run2,S0,Q2,heavy,27,21.036
r2-run2,S0,Q2,heavy,28,20.641
r2-run2,S0,Q2,heavy,29,21.522
r2-run2,S0,Q2,heavy,30,19.905
r2-run2,S0,Q1,mid,1,92.167
r2-run2,S0,Q1,mid,2,87.860
r2-run2,S0,Q1,mid,3,87.788
r2-run2,S0,Q1,mid,4,84.553
r2-run2,S0,Q1,mid,5,81.575
r2-run2,S0,Q1,mid,6,83.737
r2-run2,S0,Q1,mid,7,83.424
r2-run2,S0,Q1,mid,8,91.783
r2-run2,S0,Q1,mid,9,86.926
r2-run2,S0,Q1,mid,10,84.379
r2-run2,S0,Q1,mid,11,86.044
r2-run2,S0,Q1,mid,12,85.115
r2-run2,S0,Q1,mid,13,86.608
r2-run2,S0,Q1,mid,14,86.088
r2-run2,S0,Q1,mid,15,85.167
r2-run2,S0,Q1,mid,16,81.934
r2-run2,S0,Q1,mid,17,86.903
r2-run2,S0,Q1,mid,18,82.898
r2-run2,S0,Q1,mid,19,85.322
r2-run2,S0,Q1,mid,20,86.854
r2-run2,S0,Q1,mid,21,94.527
r2-run2,S0,Q1,mid,22,86.799
r2-run2,S0,Q1,mid,23,86.289
r2-run2,S0,Q1,mid,24,102.660
r2-run2,S0,Q1,mid,25,84.835
r2-run2,S0,Q1,mid,26,84.661
r2-run2,S0,Q1,mid,27,89.515
r2-run2,S0,Q1,mid,28,81.674
r2-run2,S0,Q1,mid,29,83.475
r2-run2,S0,Q1,mid,30,90.654
r2-run2,S0,Q2,mid,1,24.330
r2-run2,S0,Q2,mid,2,23.079
r2-run2,S0,Q2,mid,3,21.895
r2-run2,S0,Q2,mid,4,20.937
r2-run2,S0,Q2,mid,5,20.084
r2-run2,S0,Q2,mid,6,20.631
r2-run2,S0,Q2,mid,7,18.682
r2-run2,S0,Q2,mid,8,18.733
r2-run2,S0,Q2,mid,9,17.567
r2-run2,S0,Q2,mid,10,19.824
r2-run2,S0,Q2,mid,11,19.269
r2-run2,S0,Q2,mid,12,19.654
r2-run2,S0,Q2,mid,13,19.561
r2-run2,S0,Q2,mid,14,19.435
r2-run2,S0,Q2,mid,15,19.362
r2-run2,S0,Q2,mid,16,19.222
r2-run2,S0,Q2,mid,17,20.184
r2-run2,S0,Q2,mid,18,24.409
r2-run2,S0,Q2,mid,19,23.444
r2-run2,S0,Q2,mid,20,22.683
r2-run2,S0,Q2,mid,21,24.460
r2-run2,S0,Q2,mid,22,24.231
r2-run2,S0,Q2,mid,23,22.126
r2-run2,S0,Q2,mid,24,22.229
r2-run2,S0,Q2,mid,25,20.634
r2-run2,S0,Q2,mid,26,20.795
r2-run2,S0,Q2,mid,27,20.534
r2-run2,S0,Q2,mid,28,19.142
r2-run2,S0,Q2,mid,29,17.689
r2-run2,S0,Q2,mid,30,18.122
r2-run2,S0,Q1,light,1,76.967
r2-run2,S0,Q1,light,2,75.186
r2-run2,S0,Q1,light,3,78.560
r2-run2,S0,Q1,light,4,89.822
r2-run2,S0,Q1,light,5,86.697
r2-run2,S0,Q1,light,6,86.137
r2-run2,S0,Q1,light,7,87.294
r2-run2,S0,Q1,light,8,90.436
r2-run2,S0,Q1,light,9,81.964
r2-run2,S0,Q1,light,10,84.457
r2-run2,S0,Q1,light,11,85.949
r2-run2,S0,Q1,light,12,84.842
r2-run2,S0,Q1,light,13,81.689
r2-run2,S0,Q1,light,14,81.177
r2-run2,S0,Q1,light,15,83.904
r2-run2,S0,Q1,light,16,88.265
r2-run2,S0,Q1,light,17,85.193
r2-run2,S0,Q1,light,18,89.871
r2-run2,S0,Q1,light,19,97.798
r2-run2,S0,Q1,light,20,112.379
r2-run2,S0,Q1,light,21,113.362
r2-run2,S0,Q1,light,22,93.439
r2-run2,S0,Q1,light,23,84.393
r2-run2,S0,Q1,light,24,79.937
r2-run2,S0,Q1,light,25,79.657
r2-run2,S0,Q1,light,26,81.895
r2-run2,S0,Q1,light,27,91.940
r2-run2,S0,Q1,light,28,95.801
r2-run2,S0,Q1,light,29,89.457
r2-run2,S0,Q1,light,30,86.322
r2-run2,S0,Q2,light,1,19.821
r2-run2,S0,Q2,light,2,19.398
r2-run2,S0,Q2,light,3,19.280
r2-run2,S0,Q2,light,4,24.459
r2-run2,S0,Q2,light,5,25.435
r2-run2,S0,Q2,light,6,32.705
r2-run2,S0,Q2,light,7,26.162
r2-run2,S0,Q2,light,8,22.106
r2-run2,S0,Q2,light,9,26.120
r2-run2,S0,Q2,light,10,24.455
r2-run2,S0,Q2,light,11,21.184
r2-run2,S0,Q2,light,12,22.014
r2-run2,S0,Q2,light,13,21.668
r2-run2,S0,Q2,light,14,21.449
r2-run2,S0,Q2,light,15,21.318
r2-run2,S0,Q2,light,16,20.686
r2-run2,S0,Q2,light,17,19.973
r2-run2,S0,Q2,light,18,19.715
r2-run2,S0,Q2,light,19,23.953
r2-run2,S0,Q2,light,20,24.603
r2-run2,S0,Q2,light,21,26.286
r2-run2,S0,Q2,light,22,28.605
r2-run2,S0,Q2,light,23,26.259
r2-run2,S0,Q2,light,24,30.210
r2-run2,S0,Q2,light,25,30.064
r2-run2,S0,Q2,light,26,20.636
r2-run2,S0,Q2,light,27,21.372
r2-run2,S0,Q2,light,28,28.710
r2-run2,S0,Q2,light,29,31.535
r2-run2,S0,Q2,light,30,28.071
r2-run2,S0,Q3,mid,1,19.657
r2-run2,S0,Q3,mid,2,20.358
r2-run2,S0,Q3,mid,3,19.239
r2-run2,S0,Q3,mid,4,19.450
r2-run2,S0,Q3,mid,5,20.148
r2-run2,S0,Q3,mid,6,19.534
r2-run2,S0,Q3,mid,7,18.520
r2-run2,S0,Q3,mid,8,20.544
r2-run2,S0,Q3,mid,9,18.971
r2-run2,S0,Q3,mid,10,20.006
r2-run2,S0,Q3,mid,11,20.112
r2-run2,S0,Q3,mid,12,21.917
r2-run2,S0,Q3,mid,13,21.491
r2-run2,S0,Q3,mid,14,22.742
r2-run2,S0,Q3,mid,15,22.594
r2-run2,S0,Q3,mid,16,22.455
r2-run2,S0,Q3,mid,17,21.588
r2-run2,S0,Q3,mid,18,20.565
r2-run2,S0,Q3,mid,19,22.510
r2-run2,S0,Q3,mid,20,20.315
r2-run2,S0,Q3,mid,21,22.838
r2-run2,S0,Q3,mid,22,20.654
r2-run2,S0,Q3,mid,23,21.935
r2-run2,S0,Q3,mid,24,21.084
r2-run2,S0,Q3,mid,25,20.556
r2-run2,S0,Q3,mid,26,20.015
r2-run2,S0,Q3,mid,27,20.145
r2-run2,S0,Q3,mid,28,19.442
r2-run2,S0,Q3,mid,29,19.478
r2-run2,S0,Q3,mid,30,19.537
r2-run2,S1,Q1,heavy,1,30.286
r2-run2,S1,Q1,heavy,2,26.179
r2-run2,S1,Q1,heavy,3,25.876
r2-run2,S1,Q1,heavy,4,24.307
r2-run2,S1,Q1,heavy,5,23.597
r2-run2,S1,Q1,heavy,6,22.707
r2-run2,S1,Q1,heavy,7,22.929
r2-run2,S1,Q1,heavy,8,21.342
r2-run2,S1,Q1,heavy,9,21.585
r2-run2,S1,Q1,heavy,10,23.941
r2-run2,S1,Q1,heavy,11,22.526
r2-run2,S1,Q1,heavy,12,23.464
r2-run2,S1,Q1,heavy,13,27.216
r2-run2,S1,Q1,heavy,14,23.234
r2-run2,S1,Q1,heavy,15,23.444
r2-run2,S1,Q1,heavy,16,22.527
r2-run2,S1,Q1,heavy,17,24.055
r2-run2,S1,Q1,heavy,18,24.123
r2-run2,S1,Q1,heavy,19,22.575
r2-run2,S1,Q1,heavy,20,24.444
r2-run2,S1,Q1,heavy,21,23.508
r2-run2,S1,Q1,heavy,22,24.456
r2-run2,S1,Q1,heavy,23,25.423
r2-run2,S1,Q1,heavy,24,27.194
r2-run2,S1,Q1,heavy,25,28.544
r2-run2,S1,Q1,heavy,26,28.213
r2-run2,S1,Q1,heavy,27,25.340
r2-run2,S1,Q1,heavy,28,26.422
r2-run2,S1,Q1,heavy,29,23.007
r2-run2,S1,Q1,heavy,30,23.629
r2-run2,S1,Q2,heavy,1,21.408
r2-run2,S1,Q2,heavy,2,19.369
r2-run2,S1,Q2,heavy,3,19.250
r2-run2,S1,Q2,heavy,4,19.319
r2-run2,S1,Q2,heavy,5,20.500
r2-run2,S1,Q2,heavy,6,19.935
r2-run2,S1,Q2,heavy,7,19.741
r2-run2,S1,Q2,heavy,8,20.730
r2-run2,S1,Q2,heavy,9,19.070
r2-run2,S1,Q2,heavy,10,20.602
r2-run2,S1,Q2,heavy,11,19.434
r2-run2,S1,Q2,heavy,12,22.164
r2-run2,S1,Q2,heavy,13,19.613
r2-run2,S1,Q2,heavy,14,19.507
r2-run2,S1,Q2,heavy,15,20.847
r2-run2,S1,Q2,heavy,16,18.957
r2-run2,S1,Q2,heavy,17,18.640
r2-run2,S1,Q2,heavy,18,18.492
r2-run2,S1,Q2,heavy,19,19.337
r2-run2,S1,Q2,heavy,20,17.417
r2-run2,S1,Q2,heavy,21,21.006
r2-run2,S1,Q2,heavy,22,17.868
r2-run2,S1,Q2,heavy,23,17.823
r2-run2,S1,Q2,heavy,24,17.635
r2-run2,S1,Q2,heavy,25,17.318
r2-run2,S1,Q2,heavy,26,18.179
r2-run2,S1,Q2,heavy,27,19.735
r2-run2,S1,Q2,heavy,28,23.764
r2-run2,S1,Q2,heavy,29,22.505
r2-run2,S1,Q2,heavy,30,20.269
r2-run2,S1,Q1,mid,1,21.437
r2-run2,S1,Q1,mid,2,20.675
r2-run2,S1,Q1,mid,3,20.140
r2-run2,S1,Q1,mid,4,22.752
r2-run2,S1,Q1,mid,5,24.137
r2-run2,S1,Q1,mid,6,21.798
r2-run2,S1,Q1,mid,7,20.247
r2-run2,S1,Q1,mid,8,20.735
r2-run2,S1,Q1,mid,9,19.864
r2-run2,S1,Q1,mid,10,20.889
r2-run2,S1,Q1,mid,11,21.052
r2-run2,S1,Q1,mid,12,22.526
r2-run2,S1,Q1,mid,13,22.666
r2-run2,S1,Q1,mid,14,22.185
r2-run2,S1,Q1,mid,15,21.983
r2-run2,S1,Q1,mid,16,21.689
r2-run2,S1,Q1,mid,17,20.459
r2-run2,S1,Q1,mid,18,20.778
r2-run2,S1,Q1,mid,19,19.184
r2-run2,S1,Q1,mid,20,18.431
r2-run2,S1,Q1,mid,21,17.983
r2-run2,S1,Q1,mid,22,18.149
r2-run2,S1,Q1,mid,23,19.180
r2-run2,S1,Q1,mid,24,23.620
r2-run2,S1,Q1,mid,25,20.278
r2-run2,S1,Q1,mid,26,26.186
r2-run2,S1,Q1,mid,27,21.442
r2-run2,S1,Q1,mid,28,24.062
r2-run2,S1,Q1,mid,29,22.284
r2-run2,S1,Q1,mid,30,19.653
r2-run2,S1,Q2,mid,1,19.937
r2-run2,S1,Q2,mid,2,18.578
r2-run2,S1,Q2,mid,3,18.054
r2-run2,S1,Q2,mid,4,17.679
r2-run2,S1,Q2,mid,5,17.138
r2-run2,S1,Q2,mid,6,16.699
r2-run2,S1,Q2,mid,7,16.919
r2-run2,S1,Q2,mid,8,18.388
r2-run2,S1,Q2,mid,9,19.443
r2-run2,S1,Q2,mid,10,19.315
r2-run2,S1,Q2,mid,11,19.800
r2-run2,S1,Q2,mid,12,21.570
r2-run2,S1,Q2,mid,13,22.842
r2-run2,S1,Q2,mid,14,21.089
r2-run2,S1,Q2,mid,15,21.644
r2-run2,S1,Q2,mid,16,22.053
r2-run2,S1,Q2,mid,17,21.499
r2-run2,S1,Q2,mid,18,19.596
r2-run2,S1,Q2,mid,19,19.468
r2-run2,S1,Q2,mid,20,19.075
r2-run2,S1,Q2,mid,21,19.018
r2-run2,S1,Q2,mid,22,21.107
r2-run2,S1,Q2,mid,23,17.853
r2-run2,S1,Q2,mid,24,18.207
r2-run2,S1,Q2,mid,25,19.845
r2-run2,S1,Q2,mid,26,16.689
r2-run2,S1,Q2,mid,27,17.174
r2-run2,S1,Q2,mid,28,16.535
r2-run2,S1,Q2,mid,29,15.427
r2-run2,S1,Q2,mid,30,17.896
r2-run2,S1,Q1,light,1,17.274
r2-run2,S1,Q1,light,2,14.429
r2-run2,S1,Q1,light,3,14.940
r2-run2,S1,Q1,light,4,14.987
r2-run2,S1,Q1,light,5,15.612
r2-run2,S1,Q1,light,6,17.262
r2-run2,S1,Q1,light,7,17.241
r2-run2,S1,Q1,light,8,18.341
r2-run2,S1,Q1,light,9,17.134
r2-run2,S1,Q1,light,10,16.991
r2-run2,S1,Q1,light,11,17.800
r2-run2,S1,Q1,light,12,17.491
r2-run2,S1,Q1,light,13,16.739
r2-run2,S1,Q1,light,14,16.552
r2-run2,S1,Q1,light,15,15.432
r2-run2,S1,Q1,light,16,16.482
r2-run2,S1,Q1,light,17,17.018
r2-run2,S1,Q1,light,18,17.749
r2-run2,S1,Q1,light,19,16.857
r2-run2,S1,Q1,light,20,15.530
r2-run2,S1,Q1,light,21,16.853
r2-run2,S1,Q1,light,22,17.580
r2-run2,S1,Q1,light,23,15.202
r2-run2,S1,Q1,light,24,17.647
r2-run2,S1,Q1,light,25,16.384
r2-run2,S1,Q1,light,26,14.984
r2-run2,S1,Q1,light,27,15.709
r2-run2,S1,Q1,light,28,16.441
r2-run2,S1,Q1,light,29,16.208
r2-run2,S1,Q1,light,30,18.851
r2-run2,S1,Q2,light,1,16.835
r2-run2,S1,Q2,light,2,16.518
r2-run2,S1,Q2,light,3,16.081
r2-run2,S1,Q2,light,4,17.415
r2-run2,S1,Q2,light,5,16.478
r2-run2,S1,Q2,light,6,15.676
r2-run2,S1,Q2,light,7,15.624
r2-run2,S1,Q2,light,8,17.908
r2-run2,S1,Q2,light,9,15.474
r2-run2,S1,Q2,light,10,17.854
r2-run2,S1,Q2,light,11,17.591
r2-run2,S1,Q2,light,12,14.768
r2-run2,S1,Q2,light,13,14.741
r2-run2,S1,Q2,light,14,14.670
r2-run2,S1,Q2,light,15,17.041
r2-run2,S1,Q2,light,16,14.024
r2-run2,S1,Q2,light,17,14.159
r2-run2,S1,Q2,light,18,15.171
r2-run2,S1,Q2,light,19,14.543
r2-run2,S1,Q2,light,20,14.288
r2-run2,S1,Q2,light,21,15.448
r2-run2,S1,Q2,light,22,15.505
r2-run2,S1,Q2,light,23,13.826
r2-run2,S1,Q2,light,24,13.972
r2-run2,S1,Q2,light,25,15.947
r2-run2,S1,Q2,light,26,16.520
r2-run2,S1,Q2,light,27,16.352
r2-run2,S1,Q2,light,28,18.393
r2-run2,S1,Q2,light,29,17.835
r2-run2,S1,Q2,light,30,16.258
r2-run2,S1,Q3,mid,1,0.678
r2-run2,S1,Q3,mid,2,0.736
r2-run2,S1,Q3,mid,3,0.729
r2-run2,S1,Q3,mid,4,0.945
r2-run2,S1,Q3,mid,5,0.650
r2-run2,S1,Q3,mid,6,0.822
r2-run2,S1,Q3,mid,7,0.680
r2-run2,S1,Q3,mid,8,0.678
r2-run2,S1,Q3,mid,9,0.754
r2-run2,S1,Q3,mid,10,0.703
r2-run2,S1,Q3,mid,11,0.729
r2-run2,S1,Q3,mid,12,0.736
r2-run2,S1,Q3,mid,13,0.718
r2-run2,S1,Q3,mid,14,0.699
r2-run2,S1,Q3,mid,15,0.954
r2-run2,S1,Q3,mid,16,0.655
r2-run2,S1,Q3,mid,17,0.676
r2-run2,S1,Q3,mid,18,0.663
r2-run2,S1,Q3,mid,19,0.699
r2-run2,S1,Q3,mid,20,0.666
r2-run2,S1,Q3,mid,21,0.924
r2-run2,S1,Q3,mid,22,0.675
r2-run2,S1,Q3,mid,23,0.601
r2-run2,S1,Q3,mid,24,0.679
r2-run2,S1,Q3,mid,25,0.622
r2-run2,S1,Q3,mid,26,0.643
r2-run2,S1,Q3,mid,27,0.943
r2-run2,S1,Q3,mid,28,0.627
r2-run2,S1,Q3,mid,29,0.616
r2-run2,S1,Q3,mid,30,0.623
r2-run2,S2A,Q1,heavy,1,37.220
r2-run2,S2A,Q1,heavy,2,38.091
r2-run2,S2A,Q1,heavy,3,36.903
r2-run2,S2A,Q1,heavy,4,36.015
r2-run2,S2A,Q1,heavy,5,37.224
r2-run2,S2A,Q1,heavy,6,27.177
r2-run2,S2A,Q1,heavy,7,27.610
r2-run2,S2A,Q1,heavy,8,27.428
r2-run2,S2A,Q1,heavy,9,26.938
r2-run2,S2A,Q1,heavy,10,29.184
r2-run2,S2A,Q1,heavy,11,27.684
r2-run2,S2A,Q1,heavy,12,26.906
r2-run2,S2A,Q1,heavy,13,27.069
r2-run2,S2A,Q1,heavy,14,26.571
r2-run2,S2A,Q1,heavy,15,26.522
r2-run2,S2A,Q1,heavy,16,26.935
r2-run2,S2A,Q1,heavy,17,26.530
r2-run2,S2A,Q1,heavy,18,26.267
r2-run2,S2A,Q1,heavy,19,25.484
r2-run2,S2A,Q1,heavy,20,25.673
r2-run2,S2A,Q1,heavy,21,26.074
r2-run2,S2A,Q1,heavy,22,24.914
r2-run2,S2A,Q1,heavy,23,25.542
r2-run2,S2A,Q1,heavy,24,25.198
r2-run2,S2A,Q1,heavy,25,24.851
r2-run2,S2A,Q1,heavy,26,24.561
r2-run2,S2A,Q1,heavy,27,23.645
r2-run2,S2A,Q1,heavy,28,25.528
r2-run2,S2A,Q1,heavy,29,28.818
r2-run2,S2A,Q1,heavy,30,27.510
r2-run2,S2A,Q2,heavy,1,1.234
r2-run2,S2A,Q2,heavy,2,1.288
r2-run2,S2A,Q2,heavy,3,1.223
r2-run2,S2A,Q2,heavy,4,1.256
r2-run2,S2A,Q2,heavy,5,1.283
r2-run2,S2A,Q2,heavy,6,1.228
r2-run2,S2A,Q2,heavy,7,1.167
r2-run2,S2A,Q2,heavy,8,1.158
r2-run2,S2A,Q2,heavy,9,1.359
r2-run2,S2A,Q2,heavy,10,1.167
r2-run2,S2A,Q2,heavy,11,1.205
r2-run2,S2A,Q2,heavy,12,1.214
r2-run2,S2A,Q2,heavy,13,1.189
r2-run2,S2A,Q2,heavy,14,1.126
r2-run2,S2A,Q2,heavy,15,1.338
r2-run2,S2A,Q2,heavy,16,1.158
r2-run2,S2A,Q2,heavy,17,1.120
r2-run2,S2A,Q2,heavy,18,1.147
r2-run2,S2A,Q2,heavy,19,1.150
r2-run2,S2A,Q2,heavy,20,1.137
r2-run2,S2A,Q2,heavy,21,1.162
r2-run2,S2A,Q2,heavy,22,1.376
r2-run2,S2A,Q2,heavy,23,1.168
r2-run2,S2A,Q2,heavy,24,1.212
r2-run2,S2A,Q2,heavy,25,1.257
r2-run2,S2A,Q2,heavy,26,1.393
r2-run2,S2A,Q2,heavy,27,1.201
r2-run2,S2A,Q2,heavy,28,1.116
r2-run2,S2A,Q2,heavy,29,1.361
r2-run2,S2A,Q2,heavy,30,1.163
r2-run2,S2A,Q1,mid,1,1.416
r2-run2,S2A,Q1,mid,2,1.194
r2-run2,S2A,Q1,mid,3,1.205
r2-run2,S2A,Q1,mid,4,1.158
r2-run2,S2A,Q1,mid,5,1.076
r2-run2,S2A,Q1,mid,6,1.354
r2-run2,S2A,Q1,mid,7,1.175
r2-run2,S2A,Q1,mid,8,1.152
r2-run2,S2A,Q1,mid,9,1.161
r2-run2,S2A,Q1,mid,10,1.250
r2-run2,S2A,Q1,mid,11,1.140
r2-run2,S2A,Q1,mid,12,1.177
r2-run2,S2A,Q1,mid,13,1.234
r2-run2,S2A,Q1,mid,14,1.298
r2-run2,S2A,Q1,mid,15,1.181
r2-run2,S2A,Q1,mid,16,1.346
r2-run2,S2A,Q1,mid,17,1.151
r2-run2,S2A,Q1,mid,18,1.151
r2-run2,S2A,Q1,mid,19,4.018
r2-run2,S2A,Q1,mid,20,1.559
r2-run2,S2A,Q1,mid,21,1.259
r2-run2,S2A,Q1,mid,22,1.246
r2-run2,S2A,Q1,mid,23,1.261
r2-run2,S2A,Q1,mid,24,1.370
r2-run2,S2A,Q1,mid,25,1.140
r2-run2,S2A,Q1,mid,26,1.168
r2-run2,S2A,Q1,mid,27,1.158
r2-run2,S2A,Q1,mid,28,1.167
r2-run2,S2A,Q1,mid,29,1.139
r2-run2,S2A,Q1,mid,30,1.141
r2-run2,S2A,Q2,mid,1,0.684
r2-run2,S2A,Q2,mid,2,0.637
r2-run2,S2A,Q2,mid,3,0.743
r2-run2,S2A,Q2,mid,4,0.657
r2-run2,S2A,Q2,mid,5,0.619
r2-run2,S2A,Q2,mid,6,0.612
r2-run2,S2A,Q2,mid,7,0.584
r2-run2,S2A,Q2,mid,8,0.576
r2-run2,S2A,Q2,mid,9,0.608
r2-run2,S2A,Q2,mid,10,0.602
r2-run2,S2A,Q2,mid,11,0.637
r2-run2,S2A,Q2,mid,12,0.668
r2-run2,S2A,Q2,mid,13,0.659
r2-run2,S2A,Q2,mid,14,0.653
r2-run2,S2A,Q2,mid,15,0.621
r2-run2,S2A,Q2,mid,16,0.625
r2-run2,S2A,Q2,mid,17,0.710
r2-run2,S2A,Q2,mid,18,0.680
r2-run2,S2A,Q2,mid,19,0.684
r2-run2,S2A,Q2,mid,20,0.651
r2-run2,S2A,Q2,mid,21,0.636
r2-run2,S2A,Q2,mid,22,0.683
r2-run2,S2A,Q2,mid,23,0.751
r2-run2,S2A,Q2,mid,24,0.676
r2-run2,S2A,Q2,mid,25,0.664
r2-run2,S2A,Q2,mid,26,0.640
r2-run2,S2A,Q2,mid,27,0.636
r2-run2,S2A,Q2,mid,28,0.640
r2-run2,S2A,Q2,mid,29,0.677
r2-run2,S2A,Q2,mid,30,0.658
r2-run2,S2A,Q1,light,1,1.009
r2-run2,S2A,Q1,light,2,0.980
r2-run2,S2A,Q1,light,3,0.917
r2-run2,S2A,Q1,light,4,0.983
r2-run2,S2A,Q1,light,5,0.977
r2-run2,S2A,Q1,light,6,0.901
r2-run2,S2A,Q1,light,7,0.923
r2-run2,S2A,Q1,light,8,0.943
r2-run2,S2A,Q1,light,9,0.920
r2-run2,S2A,Q1,light,10,0.897
r2-run2,S2A,Q1,light,11,0.898
r2-run2,S2A,Q1,light,12,0.902
r2-run2,S2A,Q1,light,13,0.889
r2-run2,S2A,Q1,light,14,0.994
r2-run2,S2A,Q1,light,15,0.924
r2-run2,S2A,Q1,light,16,0.885
r2-run2,S2A,Q1,light,17,0.933
r2-run2,S2A,Q1,light,18,0.868
r2-run2,S2A,Q1,light,19,0.890
r2-run2,S2A,Q1,light,20,0.886
r2-run2,S2A,Q1,light,21,0.858
r2-run2,S2A,Q1,light,22,0.852
r2-run2,S2A,Q1,light,23,0.865
r2-run2,S2A,Q1,light,24,0.939
r2-run2,S2A,Q1,light,25,0.862
r2-run2,S2A,Q1,light,26,0.862
r2-run2,S2A,Q1,light,27,0.868
r2-run2,S2A,Q1,light,28,0.903
r2-run2,S2A,Q1,light,29,0.927
r2-run2,S2A,Q1,light,30,0.873
r2-run2,S2A,Q2,light,1,0.694
r2-run2,S2A,Q2,light,2,0.775
r2-run2,S2A,Q2,light,3,0.726
r2-run2,S2A,Q2,light,4,0.762
r2-run2,S2A,Q2,light,5,0.709
r2-run2,S2A,Q2,light,6,0.718
r2-run2,S2A,Q2,light,7,0.786
r2-run2,S2A,Q2,light,8,0.755
r2-run2,S2A,Q2,light,9,0.648
r2-run2,S2A,Q2,light,10,0.623
r2-run2,S2A,Q2,light,11,0.668
r2-run2,S2A,Q2,light,12,0.609
r2-run2,S2A,Q2,light,13,0.777
r2-run2,S2A,Q2,light,14,0.588
r2-run2,S2A,Q2,light,15,0.614
r2-run2,S2A,Q2,light,16,0.680
r2-run2,S2A,Q2,light,17,0.616
r2-run2,S2A,Q2,light,18,0.568
r2-run2,S2A,Q2,light,19,0.594
r2-run2,S2A,Q2,light,20,0.727
r2-run2,S2A,Q2,light,21,0.571
r2-run2,S2A,Q2,light,22,0.613
r2-run2,S2A,Q2,light,23,0.605
r2-run2,S2A,Q2,light,24,0.568
r2-run2,S2A,Q2,light,25,0.627
r2-run2,S2A,Q2,light,26,0.575
r2-run2,S2A,Q2,light,27,0.795
r2-run2,S2A,Q2,light,28,0.615
r2-run2,S2A,Q2,light,29,0.646
r2-run2,S2A,Q2,light,30,0.584
r2-run2,S2A,Q3,mid,1,0.718
r2-run2,S2A,Q3,mid,2,0.668
r2-run2,S2A,Q3,mid,3,0.705
r2-run2,S2A,Q3,mid,4,0.704
r2-run2,S2A,Q3,mid,5,0.633
r2-run2,S2A,Q3,mid,6,0.653
r2-run2,S2A,Q3,mid,7,0.659
r2-run2,S2A,Q3,mid,8,0.659
r2-run2,S2A,Q3,mid,9,0.691
r2-run2,S2A,Q3,mid,10,0.654
r2-run2,S2A,Q3,mid,11,0.630
r2-run2,S2A,Q3,mid,12,0.637
r2-run2,S2A,Q3,mid,13,0.644
r2-run2,S2A,Q3,mid,14,0.628
r2-run2,S2A,Q3,mid,15,0.712
r2-run2,S2A,Q3,mid,16,0.699
r2-run2,S2A,Q3,mid,17,0.629
r2-run2,S2A,Q3,mid,18,0.628
r2-run2,S2A,Q3,mid,19,0.622
r2-run2,S2A,Q3,mid,20,0.612
r2-run2,S2A,Q3,mid,21,0.852
r2-run2,S2A,Q3,mid,22,0.618
r2-run2,S2A,Q3,mid,23,0.658
r2-run2,S2A,Q3,mid,24,0.652
r2-run2,S2A,Q3,mid,25,0.634
r2-run2,S2A,Q3,mid,26,0.625
r2-run2,S2A,Q3,mid,27,0.714
r2-run2,S2A,Q3,mid,28,0.662
r2-run2,S2A,Q3,mid,29,0.801
r2-run2,S2A,Q3,mid,30,0.701
r2-run2,S2B,Q1,heavy,1,28.258
r2-run2,S2B,Q1,heavy,2,25.095
r2-run2,S2B,Q1,heavy,3,26.298
r2-run2,S2B,Q1,heavy,4,24.432
r2-run2,S2B,Q1,heavy,5,25.918
r2-run2,S2B,Q1,heavy,6,26.776
r2-run2,S2B,Q1,heavy,7,26.141
r2-run2,S2B,Q1,heavy,8,26.739
r2-run2,S2B,Q1,heavy,9,24.284
r2-run2,S2B,Q1,heavy,10,23.574
r2-run2,S2B,Q1,heavy,11,23.582
r2-run2,S2B,Q1,heavy,12,24.245
r2-run2,S2B,Q1,heavy,13,25.197
r2-run2,S2B,Q1,heavy,14,24.303
r2-run2,S2B,Q1,heavy,15,23.494
r2-run2,S2B,Q1,heavy,16,24.494
r2-run2,S2B,Q1,heavy,17,23.653
r2-run2,S2B,Q1,heavy,18,24.000
r2-run2,S2B,Q1,heavy,19,25.239
r2-run2,S2B,Q1,heavy,20,28.647
r2-run2,S2B,Q1,heavy,21,26.320
r2-run2,S2B,Q1,heavy,22,24.376
r2-run2,S2B,Q1,heavy,23,25.107
r2-run2,S2B,Q1,heavy,24,24.151
r2-run2,S2B,Q1,heavy,25,23.115
r2-run2,S2B,Q1,heavy,26,23.439
r2-run2,S2B,Q1,heavy,27,21.928
r2-run2,S2B,Q1,heavy,28,22.473
r2-run2,S2B,Q1,heavy,29,23.360
r2-run2,S2B,Q1,heavy,30,21.843
r2-run2,S2B,Q2,heavy,1,1.183
r2-run2,S2B,Q2,heavy,2,1.264
r2-run2,S2B,Q2,heavy,3,1.711
r2-run2,S2B,Q2,heavy,4,1.206
r2-run2,S2B,Q2,heavy,5,1.184
r2-run2,S2B,Q2,heavy,6,1.517
r2-run2,S2B,Q2,heavy,7,1.152
r2-run2,S2B,Q2,heavy,8,1.266
r2-run2,S2B,Q2,heavy,9,1.411
r2-run2,S2B,Q2,heavy,10,1.196
r2-run2,S2B,Q2,heavy,11,1.133
r2-run2,S2B,Q2,heavy,12,1.346
r2-run2,S2B,Q2,heavy,13,1.183
r2-run2,S2B,Q2,heavy,14,1.169
r2-run2,S2B,Q2,heavy,15,1.138
r2-run2,S2B,Q2,heavy,16,1.118
r2-run2,S2B,Q2,heavy,17,1.136
r2-run2,S2B,Q2,heavy,18,1.222
r2-run2,S2B,Q2,heavy,19,1.165
r2-run2,S2B,Q2,heavy,20,1.175
r2-run2,S2B,Q2,heavy,21,1.135
r2-run2,S2B,Q2,heavy,22,1.151
r2-run2,S2B,Q2,heavy,23,1.179
r2-run2,S2B,Q2,heavy,24,1.201
r2-run2,S2B,Q2,heavy,25,1.236
r2-run2,S2B,Q2,heavy,26,1.376
r2-run2,S2B,Q2,heavy,27,1.269
r2-run2,S2B,Q2,heavy,28,1.172
r2-run2,S2B,Q2,heavy,29,1.243
r2-run2,S2B,Q2,heavy,30,1.175
r2-run2,S2B,Q1,mid,1,1.047
r2-run2,S2B,Q1,mid,2,1.215
r2-run2,S2B,Q1,mid,3,1.076
r2-run2,S2B,Q1,mid,4,0.956
r2-run2,S2B,Q1,mid,5,1.001
r2-run2,S2B,Q1,mid,6,1.056
r2-run2,S2B,Q1,mid,7,0.969
r2-run2,S2B,Q1,mid,8,0.909
r2-run2,S2B,Q1,mid,9,0.926
r2-run2,S2B,Q1,mid,10,0.995
r2-run2,S2B,Q1,mid,11,1.111
r2-run2,S2B,Q1,mid,12,1.033
r2-run2,S2B,Q1,mid,13,0.890
r2-run2,S2B,Q1,mid,14,0.914
r2-run2,S2B,Q1,mid,15,1.056
r2-run2,S2B,Q1,mid,16,0.976
r2-run2,S2B,Q1,mid,17,1.110
r2-run2,S2B,Q1,mid,18,0.981
r2-run2,S2B,Q1,mid,19,0.983
r2-run2,S2B,Q1,mid,20,1.014
r2-run2,S2B,Q1,mid,21,1.105
r2-run2,S2B,Q1,mid,22,1.146
r2-run2,S2B,Q1,mid,23,0.933
r2-run2,S2B,Q1,mid,24,0.990
r2-run2,S2B,Q1,mid,25,1.181
r2-run2,S2B,Q1,mid,26,1.079
r2-run2,S2B,Q1,mid,27,1.043
r2-run2,S2B,Q1,mid,28,0.945
r2-run2,S2B,Q1,mid,29,1.029
r2-run2,S2B,Q1,mid,30,1.135
r2-run2,S2B,Q2,mid,1,0.673
r2-run2,S2B,Q2,mid,2,0.675
r2-run2,S2B,Q2,mid,3,0.680
r2-run2,S2B,Q2,mid,4,0.639
r2-run2,S2B,Q2,mid,5,0.834
r2-run2,S2B,Q2,mid,6,0.654
r2-run2,S2B,Q2,mid,7,0.791
r2-run2,S2B,Q2,mid,8,0.762
r2-run2,S2B,Q2,mid,9,0.734
r2-run2,S2B,Q2,mid,10,0.699
r2-run2,S2B,Q2,mid,11,1.158
r2-run2,S2B,Q2,mid,12,0.671
r2-run2,S2B,Q2,mid,13,0.622
r2-run2,S2B,Q2,mid,14,0.711
r2-run2,S2B,Q2,mid,15,0.654
r2-run2,S2B,Q2,mid,16,0.722
r2-run2,S2B,Q2,mid,17,0.625
r2-run2,S2B,Q2,mid,18,0.630
r2-run2,S2B,Q2,mid,19,0.647
r2-run2,S2B,Q2,mid,20,0.660
r2-run2,S2B,Q2,mid,21,0.701
r2-run2,S2B,Q2,mid,22,0.664
r2-run2,S2B,Q2,mid,23,0.644
r2-run2,S2B,Q2,mid,24,0.658
r2-run2,S2B,Q2,mid,25,0.733
r2-run2,S2B,Q2,mid,26,0.623
r2-run2,S2B,Q2,mid,27,0.668
r2-run2,S2B,Q2,mid,28,0.644
r2-run2,S2B,Q2,mid,29,0.661
r2-run2,S2B,Q2,mid,30,0.665
r2-run2,S2B,Q1,light,1,1.560
r2-run2,S2B,Q1,light,2,1.406
r2-run2,S2B,Q1,light,3,1.469
r2-run2,S2B,Q1,light,4,1.006
r2-run2,S2B,Q1,light,5,0.983
r2-run2,S2B,Q1,light,6,0.919
r2-run2,S2B,Q1,light,7,0.920
r2-run2,S2B,Q1,light,8,0.960
r2-run2,S2B,Q1,light,9,1.367
r2-run2,S2B,Q1,light,10,0.930
r2-run2,S2B,Q1,light,11,1.256
r2-run2,S2B,Q1,light,12,0.930
r2-run2,S2B,Q1,light,13,0.919
r2-run2,S2B,Q1,light,14,0.936
r2-run2,S2B,Q1,light,15,1.041
r2-run2,S2B,Q1,light,16,0.881
r2-run2,S2B,Q1,light,17,0.881
r2-run2,S2B,Q1,light,18,1.221
r2-run2,S2B,Q1,light,19,0.955
r2-run2,S2B,Q1,light,20,0.996
r2-run2,S2B,Q1,light,21,0.860
r2-run2,S2B,Q1,light,22,0.895
r2-run2,S2B,Q1,light,23,0.836
r2-run2,S2B,Q1,light,24,0.861
r2-run2,S2B,Q1,light,25,0.872
r2-run2,S2B,Q1,light,26,0.939
r2-run2,S2B,Q1,light,27,1.137
r2-run2,S2B,Q1,light,28,0.931
r2-run2,S2B,Q1,light,29,1.000
r2-run2,S2B,Q1,light,30,1.122
r2-run2,S2B,Q2,light,1,0.671
r2-run2,S2B,Q2,light,2,0.651
r2-run2,S2B,Q2,light,3,0.642
r2-run2,S2B,Q2,light,4,0.823
r2-run2,S2B,Q2,light,5,0.817
r2-run2,S2B,Q2,light,6,0.912
r2-run2,S2B,Q2,light,7,0.895
r2-run2,S2B,Q2,light,8,0.708
r2-run2,S2B,Q2,light,9,0.658
r2-run2,S2B,Q2,light,10,0.737
r2-run2,S2B,Q2,light,11,0.908
r2-run2,S2B,Q2,light,12,0.742
r2-run2,S2B,Q2,light,13,0.618
r2-run2,S2B,Q2,light,14,0.608
r2-run2,S2B,Q2,light,15,0.627
r2-run2,S2B,Q2,light,16,0.622
r2-run2,S2B,Q2,light,17,0.662
r2-run2,S2B,Q2,light,18,0.633
r2-run2,S2B,Q2,light,19,0.633
r2-run2,S2B,Q2,light,20,0.670
r2-run2,S2B,Q2,light,21,0.658
r2-run2,S2B,Q2,light,22,0.676
r2-run2,S2B,Q2,light,23,0.860
r2-run2,S2B,Q2,light,24,0.663
r2-run2,S2B,Q2,light,25,0.682
r2-run2,S2B,Q2,light,26,0.674
r2-run2,S2B,Q2,light,27,0.639
r2-run2,S2B,Q2,light,28,0.631
r2-run2,S2B,Q2,light,29,0.635
r2-run2,S2B,Q2,light,30,0.620
r2-run2,S2B,Q3,mid,1,0.727
r2-run2,S2B,Q3,mid,2,0.707
r2-run2,S2B,Q3,mid,3,0.851
r2-run2,S2B,Q3,mid,4,0.802
r2-run2,S2B,Q3,mid,5,0.728
r2-run2,S2B,Q3,mid,6,0.787
r2-run2,S2B,Q3,mid,7,0.736
r2-run2,S2B,Q3,mid,8,0.810
r2-run2,S2B,Q3,mid,9,0.855
r2-run2,S2B,Q3,mid,10,0.762
r2-run2,S2B,Q3,mid,11,0.716
r2-run2,S2B,Q3,mid,12,0.699
r2-run2,S2B,Q3,mid,13,0.664
r2-run2,S2B,Q3,mid,14,0.745
r2-run2,S2B,Q3,mid,15,0.801
r2-run2,S2B,Q3,mid,16,0.652
r2-run2,S2B,Q3,mid,17,0.649
r2-run2,S2B,Q3,mid,18,0.662
r2-run2,S2B,Q3,mid,19,0.652
r2-run2,S2B,Q3,mid,20,0.636
r2-run2,S2B,Q3,mid,21,0.701
r2-run2,S2B,Q3,mid,22,0.914
r2-run2,S2B,Q3,mid,23,0.668
r2-run2,S2B,Q3,mid,24,0.716
r2-run2,S2B,Q3,mid,25,0.685
r2-run2,S2B,Q3,mid,26,0.663
r2-run2,S2B,Q3,mid,27,0.652
r2-run2,S2B,Q3,mid,28,0.651
r2-run2,S2B,Q3,mid,29,0.664
r2-run2,S2B,Q3,mid,30,0.670
r2-run2,S2C,Q1,heavy,1,25.691
r2-run2,S2C,Q1,heavy,2,25.461
r2-run2,S2C,Q1,heavy,3,25.739
r2-run2,S2C,Q1,heavy,4,23.269
r2-run2,S2C,Q1,heavy,5,22.892
r2-run2,S2C,Q1,heavy,6,23.479
r2-run2,S2C,Q1,heavy,7,26.784
r2-run2,S2C,Q1,heavy,8,27.528
r2-run2,S2C,Q1,heavy,9,31.882
r2-run2,S2C,Q1,heavy,10,26.532
r2-run2,S2C,Q1,heavy,11,30.446
r2-run2,S2C,Q1,heavy,12,26.887
r2-run2,S2C,Q1,heavy,13,25.815
r2-run2,S2C,Q1,heavy,14,25.077
r2-run2,S2C,Q1,heavy,15,23.749
r2-run2,S2C,Q1,heavy,16,23.746
r2-run2,S2C,Q1,heavy,17,25.198
r2-run2,S2C,Q1,heavy,18,25.002
r2-run2,S2C,Q1,heavy,19,26.531
r2-run2,S2C,Q1,heavy,20,26.463
r2-run2,S2C,Q1,heavy,21,24.450
r2-run2,S2C,Q1,heavy,22,25.227
r2-run2,S2C,Q1,heavy,23,27.308
r2-run2,S2C,Q1,heavy,24,26.147
r2-run2,S2C,Q1,heavy,25,26.463
r2-run2,S2C,Q1,heavy,26,29.056
r2-run2,S2C,Q1,heavy,27,28.087
r2-run2,S2C,Q1,heavy,28,29.725
r2-run2,S2C,Q1,heavy,29,30.793
r2-run2,S2C,Q1,heavy,30,26.743
r2-run2,S2C,Q2,heavy,1,23.659
r2-run2,S2C,Q2,heavy,2,24.031
r2-run2,S2C,Q2,heavy,3,22.406
r2-run2,S2C,Q2,heavy,4,23.173
r2-run2,S2C,Q2,heavy,5,23.316
r2-run2,S2C,Q2,heavy,6,21.989
r2-run2,S2C,Q2,heavy,7,25.319
r2-run2,S2C,Q2,heavy,8,22.833
r2-run2,S2C,Q2,heavy,9,25.011
r2-run2,S2C,Q2,heavy,10,23.970
r2-run2,S2C,Q2,heavy,11,24.148
r2-run2,S2C,Q2,heavy,12,23.650
r2-run2,S2C,Q2,heavy,13,22.009
r2-run2,S2C,Q2,heavy,14,22.067
r2-run2,S2C,Q2,heavy,15,21.087
r2-run2,S2C,Q2,heavy,16,22.269
r2-run2,S2C,Q2,heavy,17,20.575
r2-run2,S2C,Q2,heavy,18,20.079
r2-run2,S2C,Q2,heavy,19,19.651
r2-run2,S2C,Q2,heavy,20,19.240
r2-run2,S2C,Q2,heavy,21,19.632
r2-run2,S2C,Q2,heavy,22,19.621
r2-run2,S2C,Q2,heavy,23,21.630
r2-run2,S2C,Q2,heavy,24,20.052
r2-run2,S2C,Q2,heavy,25,21.517
r2-run2,S2C,Q2,heavy,26,21.255
r2-run2,S2C,Q2,heavy,27,20.677
r2-run2,S2C,Q2,heavy,28,22.389
r2-run2,S2C,Q2,heavy,29,23.183
r2-run2,S2C,Q2,heavy,30,22.463
r2-run2,S2C,Q1,mid,1,18.552
r2-run2,S2C,Q1,mid,2,17.578
r2-run2,S2C,Q1,mid,3,17.476
r2-run2,S2C,Q1,mid,4,17.075
r2-run2,S2C,Q1,mid,5,17.303
r2-run2,S2C,Q1,mid,6,17.217
r2-run2,S2C,Q1,mid,7,17.114
r2-run2,S2C,Q1,mid,8,17.348
r2-run2,S2C,Q1,mid,9,16.698
r2-run2,S2C,Q1,mid,10,17.429
r2-run2,S2C,Q1,mid,11,17.702
r2-run2,S2C,Q1,mid,12,17.823
r2-run2,S2C,Q1,mid,13,17.686
r2-run2,S2C,Q1,mid,14,19.321
r2-run2,S2C,Q1,mid,15,21.002
r2-run2,S2C,Q1,mid,16,20.739
r2-run2,S2C,Q1,mid,17,19.832
r2-run2,S2C,Q1,mid,18,19.769
r2-run2,S2C,Q1,mid,19,20.236
r2-run2,S2C,Q1,mid,20,20.496
r2-run2,S2C,Q1,mid,21,20.321
r2-run2,S2C,Q1,mid,22,18.959
r2-run2,S2C,Q1,mid,23,18.178
r2-run2,S2C,Q1,mid,24,17.964
r2-run2,S2C,Q1,mid,25,21.918
r2-run2,S2C,Q1,mid,26,24.496
r2-run2,S2C,Q1,mid,27,25.588
r2-run2,S2C,Q1,mid,28,26.111
r2-run2,S2C,Q1,mid,29,23.638
r2-run2,S2C,Q1,mid,30,24.238
r2-run2,S2C,Q2,mid,1,20.934
r2-run2,S2C,Q2,mid,2,20.210
r2-run2,S2C,Q2,mid,3,19.354
r2-run2,S2C,Q2,mid,4,19.034
r2-run2,S2C,Q2,mid,5,19.886
r2-run2,S2C,Q2,mid,6,19.608
r2-run2,S2C,Q2,mid,7,19.899
r2-run2,S2C,Q2,mid,8,18.297
r2-run2,S2C,Q2,mid,9,18.283
r2-run2,S2C,Q2,mid,10,18.922
r2-run2,S2C,Q2,mid,11,18.660
r2-run2,S2C,Q2,mid,12,19.425
r2-run2,S2C,Q2,mid,13,18.958
r2-run2,S2C,Q2,mid,14,18.720
r2-run2,S2C,Q2,mid,15,18.777
r2-run2,S2C,Q2,mid,16,19.009
r2-run2,S2C,Q2,mid,17,19.599
r2-run2,S2C,Q2,mid,18,19.342
r2-run2,S2C,Q2,mid,19,18.864
r2-run2,S2C,Q2,mid,20,19.235
r2-run2,S2C,Q2,mid,21,19.075
r2-run2,S2C,Q2,mid,22,19.389
r2-run2,S2C,Q2,mid,23,18.452
r2-run2,S2C,Q2,mid,24,19.233
r2-run2,S2C,Q2,mid,25,19.078
r2-run2,S2C,Q2,mid,26,18.903
r2-run2,S2C,Q2,mid,27,18.736
r2-run2,S2C,Q2,mid,28,19.285
r2-run2,S2C,Q2,mid,29,18.800
r2-run2,S2C,Q2,mid,30,22.235
r2-run2,S2C,Q1,light,1,18.742
r2-run2,S2C,Q1,light,2,18.664
r2-run2,S2C,Q1,light,3,18.140
r2-run2,S2C,Q1,light,4,19.785
r2-run2,S2C,Q1,light,5,17.707
r2-run2,S2C,Q1,light,6,17.577
r2-run2,S2C,Q1,light,7,16.698
r2-run2,S2C,Q1,light,8,17.278
r2-run2,S2C,Q1,light,9,15.961
r2-run2,S2C,Q1,light,10,15.005
r2-run2,S2C,Q1,light,11,14.689
r2-run2,S2C,Q1,light,12,15.151
r2-run2,S2C,Q1,light,13,16.273
r2-run2,S2C,Q1,light,14,15.485
r2-run2,S2C,Q1,light,15,15.494
r2-run2,S2C,Q1,light,16,15.626
r2-run2,S2C,Q1,light,17,15.789
r2-run2,S2C,Q1,light,18,16.958
r2-run2,S2C,Q1,light,19,16.270
r2-run2,S2C,Q1,light,20,16.521
r2-run2,S2C,Q1,light,21,16.401
r2-run2,S2C,Q1,light,22,15.971
r2-run2,S2C,Q1,light,23,15.222
r2-run2,S2C,Q1,light,24,15.108
r2-run2,S2C,Q1,light,25,14.724
r2-run2,S2C,Q1,light,26,14.879
r2-run2,S2C,Q1,light,27,14.611
r2-run2,S2C,Q1,light,28,15.910
r2-run2,S2C,Q1,light,29,14.720
r2-run2,S2C,Q1,light,30,15.268
r2-run2,S2C,Q2,light,1,14.975
r2-run2,S2C,Q2,light,2,15.061
r2-run2,S2C,Q2,light,3,15.148
r2-run2,S2C,Q2,light,4,15.037
r2-run2,S2C,Q2,light,5,15.038
r2-run2,S2C,Q2,light,6,16.336
r2-run2,S2C,Q2,light,7,15.022
r2-run2,S2C,Q2,light,8,16.121
r2-run2,S2C,Q2,light,9,16.625
r2-run2,S2C,Q2,light,10,15.543
r2-run2,S2C,Q2,light,11,14.941
r2-run2,S2C,Q2,light,12,14.847
r2-run2,S2C,Q2,light,13,14.718
r2-run2,S2C,Q2,light,14,14.750
r2-run2,S2C,Q2,light,15,14.866
r2-run2,S2C,Q2,light,16,14.901
r2-run2,S2C,Q2,light,17,15.162
r2-run2,S2C,Q2,light,18,15.674
r2-run2,S2C,Q2,light,19,14.914
r2-run2,S2C,Q2,light,20,15.783
r2-run2,S2C,Q2,light,21,15.019
r2-run2,S2C,Q2,light,22,14.968
r2-run2,S2C,Q2,light,23,15.698
r2-run2,S2C,Q2,light,24,15.544
r2-run2,S2C,Q2,light,25,16.087
r2-run2,S2C,Q2,light,26,15.110
r2-run2,S2C,Q2,light,27,15.358
r2-run2,S2C,Q2,light,28,15.270
r2-run2,S2C,Q2,light,29,15.394
r2-run2,S2C,Q2,light,30,15.304
r2-run2,S2C,Q3,mid,1,0.685
r2-run2,S2C,Q3,mid,2,0.628
r2-run2,S2C,Q3,mid,3,0.650
r2-run2,S2C,Q3,mid,4,0.631
r2-run2,S2C,Q3,mid,5,0.786
r2-run2,S2C,Q3,mid,6,0.708
r2-run2,S2C,Q3,mid,7,0.712
r2-run2,S2C,Q3,mid,8,0.624
r2-run2,S2C,Q3,mid,9,0.702
r2-run2,S2C,Q3,mid,10,0.679
r2-run2,S2C,Q3,mid,11,0.676
r2-run2,S2C,Q3,mid,12,0.734
r2-run2,S2C,Q3,mid,13,0.671
r2-run2,S2C,Q3,mid,14,0.684
r2-run2,S2C,Q3,mid,15,0.671
r2-run2,S2C,Q3,mid,16,0.653
r2-run2,S2C,Q3,mid,17,0.729
r2-run2,S2C,Q3,mid,18,0.619
r2-run2,S2C,Q3,mid,19,0.610
r2-run2,S2C,Q3,mid,20,0.622
r2-run2,S2C,Q3,mid,21,0.651
r2-run2,S2C,Q3,mid,22,0.647
r2-run2,S2C,Q3,mid,23,0.626
r2-run2,S2C,Q3,mid,24,0.636
r2-run2,S2C,Q3,mid,25,0.668
r2-run2,S2C,Q3,mid,26,0.613
r2-run2,S2C,Q3,mid,27,0.606
r2-run2,S2C,Q3,mid,28,0.612
r2-run2,S2C,Q3,mid,29,0.641
r2-run2,S2C,Q3,mid,30,0.644
