run_id,scenario,query,tier,sql_id,plan_hash_value,allstats_plan_hash_value,child_count,warmup,runs,median_ms,p95_ms,min_ms,max_ms,buffer_gets_per_exec,db_elapsed_ms_per_exec,rows_per_exec,indexes
r2-run2,S0,Q1,heavy,1y9z1nwp7dswz,2540002263,2540002263,1,5,30,132.441,138.231,127.532,139.353,14363.000,130.675,23.000,
r2-run2,S0,Q2,heavy,2d9myc17s0u6a,630573765,630573765,1,5,30,20.796,21.953,19.073,22.886,8066.000,19.732,1.000,
r2-run2,S0,Q1,mid,dzub7cbx6zamv,2428643483,2428643483,1,5,30,86.066,94.527,81.575,102.660,14363.000,85.168,24.000,
r2-run2,S0,Q2,mid,5t4vhbyh3x7tu,630573765,630573765,1,5,30,20.359,24.409,17.567,24.460,8066.000,19.769,1.000,
r2-run2,S0,Q1,light,9z3njtzy9h9pn,2428643483,2428643483,1,5,30,86.043,112.379,75.186,113.362,14363.000,85.981,14.000,
r2-run2,S0,Q2,light,1jz7s7jt297xj,630573765,630573765,1,5,30,24.204,31.535,19.280,32.705,8066.000,22.981,1.000,
r2-run2,S0,Q3,mid,cp5hw3dp8m90d,2156739377,2156739377,1,5,30,20.337,22.742,18.520,22.838,6285.000,19.658,2.000,
r2-run2,S1,Q1,heavy,f4as3tp1fkymm,2322670658,2322670658,1,5,30,23.998,28.544,21.342,30.286,8113.000,23.510,23.000,IX_ORDER_ITEMS_ORDER
r2-run2,S1,Q2,heavy,8vf0w5ksv2bgx,630573765,630573765,1,5,30,19.471,22.505,17.318,23.764,8066.000,18.823,1.000,IX_ORDER_ITEMS_ORDER
r2-run2,S1,Q1,mid,fa5crgrf4d2gp,1491857436,1491857436,1,5,30,20.971,24.137,17.983,26.186,8120.000,20.254,24.000,IX_ORDER_ITEMS_ORDER
r2-run2,S1,Q2,mid,ajq2ug7cavzrw,630573765,630573765,1,5,30,19.046,22.053,15.427,22.842,8066.000,18.176,1.000,IX_ORDER_ITEMS_ORDER
r2-run2,S1,Q1,light,2ktz5qmwcwggb,1491857436,1491857436,1,5,30,16.796,18.341,14.429,18.851,8105.000,15.700,14.000,IX_ORDER_ITEMS_ORDER
r2-run2,S1,Q2,light,d84k8920bj5qs,630573765,630573765,1,5,30,15.812,17.908,13.826,18.393,8066.000,15.060,1.000,IX_ORDER_ITEMS_ORDER
r2-run2,S1,Q3,mid,95qhv1s1mrdd1,1402068888,1402068888,1,5,30,0.679,0.945,0.601,0.954,14.000,0.059,2.000,IX_ORDER_ITEMS_ORDER
r2-run2,S2A,Q1,heavy,4bqubp401vz95,2322670658,2322670658,1,5,30,26.920,37.224,23.645,38.091,8113.000,27.064,23.000,IX_ORDERS_USER;IX_ORDER_ITEMS_ORDER
r2-run2,S2A,Q2,heavy,0zx8d5tpfxm4p,3340023372,3340023372,1,5,30,1.203,1.376,1.116,1.393,29.000,0.561,1.000,IX_ORDERS_USER;IX_ORDER_ITEMS_ORDER
r2-run2,S2A,Q1,mid,522y1570jjpjg,896701404,896701404,1,5,30,1.179,1.559,1.076,4.018,207.000,0.451,24.000,IX_ORDERS_USER;IX_ORDER_ITEMS_ORDER
r2-run2,S2A,Q2,mid,104vcjnj0k9mx,3340023372,3340023372,1,5,30,0.652,0.743,0.576,0.751,3.000,0.029,1.000,IX_ORDERS_USER;IX_ORDER_ITEMS_ORDER
r2-run2,S2A,Q1,light,2bgzs367zw0x4,896701404,896701404,1,5,30,0.902,0.994,0.852,1.009,47.000,0.235,14.000,IX_ORDERS_USER;IX_ORDER_ITEMS_ORDER
r2-run2,S2A,Q2,light,31ny066k1zsc3,3340023372,3340023372,1,5,30,0.636,0.786,0.568,0.795,3.000,0.020,1.000,IX_ORDERS_USER;IX_ORDER_ITEMS_ORDER
r2-run2,S2A,Q3,mid,a94fm09rt1wr2,1402068888,1402068888,1,5,30,0.656,0.801,0.612,0.852,14.000,0.049,2.000,IX_ORDERS_USER;IX_ORDER_ITEMS_ORDER
r2-run2,S2B,Q1,heavy,cbybccbrufzt6,2322670658,2322670658,1,5,30,24.340,28.258,21.843,28.647,8113.000,23.804,23.000,IX_ORDERS_USER_DATE;IX_ORDER_ITEMS_ORDER
r2-run2,S2B,Q2,heavy,0f2j20cty32nz,210329678,210329678,1,5,30,1.183,1.517,1.118,1.711,47.000,0.584,1.000,IX_ORDERS_USER_DATE;IX_ORDER_ITEMS_ORDER
r2-run2,S2B,Q1,mid,70gambp297pz1,3508126555,3508126555,1,5,30,1.021,1.181,0.890,1.215,67.000,0.289,24.000,IX_ORDERS_USER_DATE;IX_ORDER_ITEMS_ORDER
r2-run2,S2B,Q2,mid,0qzvpr4xhujmc,210329678,210329678,1,5,30,0.667,0.834,0.622,1.158,4.000,0.031,1.000,IX_ORDERS_USER_DATE;IX_ORDER_ITEMS_ORDER
r2-run2,S2B,Q1,light,97jm2n420s3t2,3508126555,3508126555,1,5,30,0.947,1.469,0.836,1.560,47.000,0.266,14.000,IX_ORDERS_USER_DATE;IX_ORDER_ITEMS_ORDER
r2-run2,S2B,Q2,light,7zmh7pndz1991,210329678,210329678,1,5,30,0.662,0.908,0.608,0.912,3.000,0.025,1.000,IX_ORDERS_USER_DATE;IX_ORDER_ITEMS_ORDER
r2-run2,S2B,Q3,mid,1ts19j2r7udan,1402068888,1402068888,1,5,30,0.704,0.855,0.636,0.914,14.000,0.060,2.000,IX_ORDERS_USER_DATE;IX_ORDER_ITEMS_ORDER
r2-run2,S2C,Q1,heavy,bs5yykvqb6053,2322670658,2322670658,1,5,30,26.305,30.793,22.892,31.882,8113.000,25.387,23.000,IX_ORDERS_DATE_USER;IX_ORDER_ITEMS_ORDER
r2-run2,S2C,Q2,heavy,4us8w1q4wtuvk,4224402429,4224402429,1,5,30,22.168,25.011,19.240,25.319,2694.000,21.165,1.000,IX_ORDERS_DATE_USER;IX_ORDER_ITEMS_ORDER
r2-run2,S2C,Q1,mid,c6rt6nq43g9hh,1491857436,1491857436,1,5,30,18.755,25.588,16.698,26.111,8120.000,18.749,24.000,IX_ORDERS_DATE_USER;IX_ORDER_ITEMS_ORDER
r2-run2,S2C,Q2,mid,1sm440b5k57tj,4224402429,4224402429,1,5,30,19.077,20.934,18.283,22.235,2694.000,18.506,1.000,IX_ORDERS_DATE_USER;IX_ORDER_ITEMS_ORDER
r2-run2,S2C,Q1,light,3umtstvys9qq8,1491857436,1491857436,1,5,30,15.935,18.742,14.611,19.785,8105.000,15.349,14.000,IX_ORDERS_DATE_USER;IX_ORDER_ITEMS_ORDER
r2-run2,S2C,Q2,light,6hjm0w42qhfnx,4224402429,4224402429,1,5,30,15.129,16.336,14.718,16.625,2694.000,14.535,1.000,IX_ORDERS_DATE_USER;IX_ORDER_ITEMS_ORDER
r2-run2,S2C,Q3,mid,110qd1gq6kxkd,1402068888,1402068888,1,5,30,0.650,0.734,0.606,0.786,14.000,0.047,2.000,IX_ORDERS_DATE_USER;IX_ORDER_ITEMS_ORDER
